trending_date,category,count
2017-11-14,Autos & Vehicles,4
2017-11-14,Comedy,23
2017-11-14,Education,7
2017-11-14,Entertainment,54
2017-11-14,Film & Animation,9
2017-11-14,Gaming,10
2017-11-14,Howto & Style,8
2017-11-14,Music,9
2017-11-14,News & Politics,10
2017-11-14,People & Blogs,27
2017-11-14,Science & Technology,6
2017-11-14,Sports,33
2017-11-15,Autos & Vehicles,2
2017-11-15,Comedy,20
2017-11-15,Education,3
2017-11-15,Entertainment,46
2017-11-15,Film & Animation,11
2017-11-15,Gaming,8
2017-11-15,Howto & Style,13
2017-11-15,Music,16
2017-11-15,News & Politics,13
2017-11-15,People & Blogs,27
2017-11-15,Pets & Animals,1
2017-11-15,Science & Technology,10
2017-11-15,Shows,1
2017-11-15,Sports,26
2017-11-15,Travel & Events,3
2017-11-16,Autos & Vehicles,3
2017-11-16,Comedy,28
2017-11-16,Education,4
2017-11-16,Entertainment,48
2017-11-16,Film & Animation,10
2017-11-16,Gaming,7
2017-11-16,Howto & Style,9
2017-11-16,Music,16
2017-11-16,News & Politics,15
2017-11-16,People & Blogs,27
2017-11-16,Pets & Animals,2
2017-11-16,Science & Technology,8
2017-11-16,Sports,21
2017-11-16,Travel & Events,1
2017-11-17,Autos & Vehicles,4
2017-11-17,Comedy,32
2017-11-17,Education,4
2017-11-17,Entertainment,45
2017-11-17,Film & Animation,14
2017-11-17,Gaming,14
2017-11-17,Howto & Style,8
2017-11-17,Music,10
2017-11-17,News & Politics,14
2017-11-17,People & Blogs,18
2017-11-17,Pets & Animals,1
2017-11-17,Science & Technology,12
2017-11-17,Shows,1
2017-11-17,Sports,22
2017-11-17,Travel & Events,1
2017-11-18,Autos & Vehicles,3
2017-11-18,Comedy,36
2017-11-18,Education,1
2017-11-18,Entertainment,40
2017-11-18,Film & Animation,11
2017-11-18,Gaming,8
2017-11-18,Howto & Style,12
2017-11-18,Music,20
2017-11-18,News & Politics,21
2017-11-18,People & Blogs,18
2017-11-18,Pets & Animals,1
2017-11-18,Science & Technology,7
2017-11-18,Shows,1
2017-11-18,Sports,18
2017-11-18,Travel & Events,1
2017-11-19,Autos & Vehicles,6
2017-11-19,Comedy,29
2017-11-19,Education,4
2017-11-19,Entertainment,45
2017-11-19,Film & Animation,15
2017-11-19,Gaming,4
2017-11-19,Howto & Style,10
2017-11-19,Music,18
2017-11-19,News & Politics,11
2017-11-19,People & Blogs,28
2017-11-19,Pets & Animals,1
2017-11-19,Science & Technology,7
2017-11-19,Sports,19
2017-11-19,Travel & Events,1
2017-11-20,Autos & Vehicles,6
2017-11-20,Comedy,26
2017-11-20,Education,2
2017-11-20,Entertainment,48
2017-11-20,Film & Animation,10
2017-11-20,Gaming,7
2017-11-20,Howto & Style,11
2017-11-20,Music,21
2017-11-20,News & Politics,19
2017-11-20,People & Blogs,28
2017-11-20,Science & Technology,4
2017-11-20,Sports,16
2017-11-20,Travel & Events,2
2017-11-21,Autos & Vehicles,4
2017-11-21,Comedy,21
2017-11-21,Education,5
2017-11-21,Entertainment,46
2017-11-21,Film & Animation,13
2017-11-21,Gaming,10
2017-11-21,Howto & Style,7
2017-11-21,Music,17
2017-11-21,News & Politics,28
2017-11-21,People & Blogs,24
2017-11-21,Pets & Animals,1
2017-11-21,Science & Technology,5
2017-11-21,Shows,1
2017-11-21,Sports,17
2017-11-22,Autos & Vehicles,2
2017-11-22,Comedy,21
2017-11-22,Education,6
2017-11-22,Entertainment,50
2017-11-22,Film & Animation,17
2017-11-22,Gaming,12
2017-11-22,Howto & Style,15
2017-11-22,Music,9
2017-11-22,News & Politics,15
2017-11-22,People & Blogs,25
2017-11-22,Pets & Animals,1
2017-11-22,Science & Technology,2
2017-11-22,Sports,23
2017-11-23,Autos & Vehicles,4
2017-11-23,Comedy,25
2017-11-23,Education,5
2017-11-23,Entertainment,50
2017-11-23,Film & Animation,12
2017-11-23,Gaming,6
2017-11-23,Howto & Style,13
2017-11-23,Music,13
2017-11-23,News & Politics,21
2017-11-23,People & Blogs,21
2017-11-23,Pets & Animals,2
2017-11-23,Science & Technology,4
2017-11-23,Shows,1
2017-11-23,Sports,22
2017-11-24,Autos & Vehicles,6
2017-11-24,Comedy,27
2017-11-24,Education,4
2017-11-24,Entertainment,46
2017-11-24,Film & Animation,9
2017-11-24,Gaming,4
2017-11-24,Howto & Style,10
2017-11-24,Music,12
2017-11-24,News & Politics,21
2017-11-24,People & Blogs,30
2017-11-24,Pets & Animals,4
2017-11-24,Science & Technology,5
2017-11-24,Shows,1
2017-11-24,Sports,20
2017-11-25,Autos & Vehicles,6
2017-11-25,Comedy,36
2017-11-25,Education,5
2017-11-25,Entertainment,42
2017-11-25,Film & Animation,10
2017-11-25,Gaming,7
2017-11-25,Howto & Style,13
2017-11-25,Music,22
2017-11-25,News & Politics,14
2017-11-25,People & Blogs,25
2017-11-25,Pets & Animals,2
2017-11-25,Science & Technology,5
2017-11-25,Shows,1
2017-11-25,Sports,11
2017-11-26,Autos & Vehicles,5
2017-11-26,Comedy,34
2017-11-26,Education,3
2017-11-26,Entertainment,37
2017-11-26,Film & Animation,12
2017-11-26,Gaming,10
2017-11-26,Howto & Style,15
2017-11-26,Music,10
2017-11-26,News & Politics,21
2017-11-26,People & Blogs,27
2017-11-26,Science & Technology,7
2017-11-26,Sports,17
2017-11-26,Travel & Events,1
2017-11-27,Autos & Vehicles,14
2017-11-27,Comedy,23
2017-11-27,Education,5
2017-11-27,Entertainment,34
2017-11-27,Film & Animation,12
2017-11-27,Gaming,13
2017-11-27,Howto & Style,16
2017-11-27,Music,8
2017-11-27,News & Politics,17
2017-11-27,People & Blogs,21
2017-11-27,Pets & Animals,3
2017-11-27,Science & Technology,6
2017-11-27,Sports,26
2017-11-28,Autos & Vehicles,8
2017-11-28,Comedy,24
2017-11-28,Education,2
2017-11-28,Entertainment,51
2017-11-28,Film & Animation,11
2017-11-28,Gaming,8
2017-11-28,Howto & Style,10
2017-11-28,Music,3
2017-11-28,News & Politics,19
2017-11-28,People & Blogs,27
2017-11-28,Pets & Animals,1
2017-11-28,Science & Technology,4
2017-11-28,Shows,1
2017-11-28,Sports,29
2017-11-29,Autos & Vehicles,3
2017-11-29,Comedy,25
2017-11-29,Education,5
2017-11-29,Entertainment,56
2017-11-29,Film & Animation,9
2017-11-29,Gaming,8
2017-11-29,Howto & Style,9
2017-11-29,Music,8
2017-11-29,News & Politics,21
2017-11-29,People & Blogs,25
2017-11-29,Science & Technology,4
2017-11-29,Shows,1
2017-11-29,Sports,23
2017-11-29,Travel & Events,2
2017-11-30,Autos & Vehicles,5
2017-11-30,Comedy,23
2017-11-30,Education,3
2017-11-30,Entertainment,46
2017-11-30,Film & Animation,12
2017-11-30,Gaming,1
2017-11-30,Howto & Style,10
2017-11-30,Music,17
2017-11-30,News & Politics,23
2017-11-30,People & Blogs,30
2017-11-30,Pets & Animals,1
2017-11-30,Science & Technology,4
2017-11-30,Sports,22
2017-11-30,Travel & Events,1
2017-12-01,Autos & Vehicles,6
2017-12-01,Comedy,27
2017-12-01,Education,6
2017-12-01,Entertainment,47
2017-12-01,Film & Animation,7
2017-12-01,Gaming,4
2017-12-01,Howto & Style,13
2017-12-01,Music,18
2017-12-01,News & Politics,26
2017-12-01,People & Blogs,18
2017-12-01,Pets & Animals,3
2017-12-01,Science & Technology,1
2017-12-01,Shows,1
2017-12-01,Sports,18
2017-12-01,Travel & Events,1
2017-12-02,Autos & Vehicles,4
2017-12-02,Comedy,29
2017-12-02,Education,7
2017-12-02,Entertainment,35
2017-12-02,Film & Animation,11
2017-12-02,Gaming,3
2017-12-02,Howto & Style,12
2017-12-02,Music,27
2017-12-02,News & Politics,20
2017-12-02,People & Blogs,28
2017-12-02,Science & Technology,4
2017-12-02,Shows,1
2017-12-02,Sports,16
2017-12-02,Travel & Events,1
2017-12-03,Autos & Vehicles,2
2017-12-03,Comedy,24
2017-12-03,Education,3
2017-12-03,Entertainment,51
2017-12-03,Film & Animation,14
2017-12-03,Gaming,3
2017-12-03,Howto & Style,10
2017-12-03,Music,20
2017-12-03,News & Politics,11
2017-12-03,People & Blogs,32
2017-12-03,Pets & Animals,2
2017-12-03,Science & Technology,5
2017-12-03,Sports,19
2017-12-03,Travel & Events,3
2017-12-04,Autos & Vehicles,4
2017-12-04,Comedy,20
2017-12-04,Education,9
2017-12-04,Entertainment,51
2017-12-04,Film & Animation,15
2017-12-04,Gaming,2
2017-12-04,Howto & Style,12
2017-12-04,Music,14
2017-12-04,News & Politics,12
2017-12-04,People & Blogs,34
2017-12-04,Pets & Animals,2
2017-12-04,Science & Technology,1
2017-12-04,Sports,22
2017-12-04,Travel & Events,1
2017-12-05,Autos & Vehicles,4
2017-12-05,Comedy,24
2017-12-05,Education,4
2017-12-05,Entertainment,55
2017-12-05,Film & Animation,11
2017-12-05,Gaming,4
2017-12-05,Howto & Style,8
2017-12-05,Music,10
2017-12-05,News & Politics,22
2017-12-05,People & Blogs,30
2017-12-05,Pets & Animals,2
2017-12-05,Science & Technology,2
2017-12-05,Shows,1
2017-12-05,Sports,21
2017-12-06,Autos & Vehicles,4
2017-12-06,Comedy,14
2017-12-06,Education,5
2017-12-06,Entertainment,56
2017-12-06,Film & Animation,12
2017-12-06,Gaming,6
2017-12-06,Howto & Style,10
2017-12-06,Music,12
2017-12-06,News & Politics,17
2017-12-06,People & Blogs,28
2017-12-06,Pets & Animals,2
2017-12-06,Science & Technology,5
2017-12-06,Shows,1
2017-12-06,Sports,26
2017-12-06,Travel & Events,1
2017-12-07,Autos & Vehicles,3
2017-12-07,Comedy,19
2017-12-07,Education,3
2017-12-07,Entertainment,54
2017-12-07,Film & Animation,7
2017-12-07,Gaming,12
2017-12-07,Howto & Style,13
2017-12-07,Music,13
2017-12-07,News & Politics,23
2017-12-07,People & Blogs,26
2017-12-07,Pets & Animals,2
2017-12-07,Science & Technology,5
2017-12-07,Shows,1
2017-12-07,Sports,18
2017-12-07,Travel & Events,1
2017-12-08,Autos & Vehicles,2
2017-12-08,Comedy,23
2017-12-08,Education,5
2017-12-08,Entertainment,52
2017-12-08,Film & Animation,11
2017-12-08,Gaming,8
2017-12-08,Howto & Style,8
2017-12-08,Music,7
2017-12-08,News & Politics,27
2017-12-08,People & Blogs,35
2017-12-08,Science & Technology,4
2017-12-08,Shows,1
2017-12-08,Sports,14
2017-12-09,Autos & Vehicles,2
2017-12-09,Comedy,29
2017-12-09,Education,4
2017-12-09,Entertainment,39
2017-12-09,Film & Animation,10
2017-12-09,Gaming,6
2017-12-09,Howto & Style,10
2017-12-09,Music,16
2017-12-09,News & Politics,29
2017-12-09,People & Blogs,33
2017-12-09,Pets & Animals,2
2017-12-09,Science & Technology,5
2017-12-09,Shows,1
2017-12-09,Sports,13
2017-12-10,Autos & Vehicles,1
2017-12-10,Comedy,23
2017-12-10,Education,5
2017-12-10,Entertainment,48
2017-12-10,Film & Animation,11
2017-12-10,Gaming,11
2017-12-10,Howto & Style,8
2017-12-10,Music,11
2017-12-10,News & Politics,30
2017-12-10,People & Blogs,28
2017-12-10,Pets & Animals,1
2017-12-10,Science & Technology,5
2017-12-10,Sports,18
2017-12-11,Comedy,25
2017-12-11,Education,2
2017-12-11,Entertainment,44
2017-12-11,Film & Animation,14
2017-12-11,Gaming,9
2017-12-11,Howto & Style,13
2017-12-11,Music,14
2017-12-11,News & Politics,24
2017-12-11,People & Blogs,35
2017-12-11,Science & Technology,2
2017-12-11,Sports,18
2017-12-12,Autos & Vehicles,2
2017-12-12,Comedy,23
2017-12-12,Education,2
2017-12-12,Entertainment,52
2017-12-12,Film & Animation,13
2017-12-12,Gaming,8
2017-12-12,Howto & Style,7
2017-12-12,Music,12
2017-12-12,News & Politics,26
2017-12-12,People & Blogs,27
2017-12-12,Pets & Animals,1
2017-12-12,Science & Technology,1
2017-12-12,Shows,1
2017-12-12,Sports,24
2017-12-13,Autos & Vehicles,3
2017-12-13,Comedy,19
2017-12-13,Education,2
2017-12-13,Entertainment,51
2017-12-13,Film & Animation,17
2017-12-13,Gaming,10
2017-12-13,Howto & Style,7
2017-12-13,Music,11
2017-12-13,News & Politics,22
2017-12-13,People & Blogs,31
2017-12-13,Pets & Animals,1
2017-12-13,Science & Technology,3
2017-12-13,Shows,1
2017-12-13,Sports,21
2017-12-14,Autos & Vehicles,2
2017-12-14,Comedy,28
2017-12-14,Education,4
2017-12-14,Entertainment,44
2017-12-14,Film & Animation,14
2017-12-14,Gaming,9
2017-12-14,Howto & Style,16
2017-12-14,Music,14
2017-12-14,News & Politics,18
2017-12-14,People & Blogs,29
2017-12-14,Pets & Animals,1
2017-12-14,Science & Technology,3
2017-12-14,Shows,1
2017-12-14,Sports,16
2017-12-15,Comedy,36
2017-12-15,Education,6
2017-12-15,Entertainment,40
2017-12-15,Film & Animation,13
2017-12-15,Gaming,12
2017-12-15,Howto & Style,13
2017-12-15,Music,13
2017-12-15,News & Politics,17
2017-12-15,People & Blogs,30
2017-12-15,Pets & Animals,3
2017-12-15,Science & Technology,2
2017-12-15,Shows,1
2017-12-15,Sports,12
2017-12-16,Autos & Vehicles,3
2017-12-16,Comedy,41
2017-12-16,Education,1
2017-12-16,Entertainment,48
2017-12-16,Film & Animation,10
2017-12-16,Gaming,5
2017-12-16,Howto & Style,15
2017-12-16,Music,19
2017-12-16,News & Politics,14
2017-12-16,People & Blogs,23
2017-12-16,Science & Technology,6
2017-12-16,Shows,1
2017-12-16,Sports,13
2017-12-16,Travel & Events,1
2017-12-17,Autos & Vehicles,2
2017-12-17,Comedy,32
2017-12-17,Education,3
2017-12-17,Entertainment,49
2017-12-17,Film & Animation,12
2017-12-17,Gaming,6
2017-12-17,Howto & Style,11
2017-12-17,Music,19
2017-12-17,News & Politics,9
2017-12-17,People & Blogs,36
2017-12-17,Pets & Animals,1
2017-12-17,Science & Technology,5
2017-12-17,Sports,13
2017-12-17,Travel & Events,1
2017-12-18,Autos & Vehicles,5
2017-12-18,Comedy,29
2017-12-18,Education,5
2017-12-18,Entertainment,52
2017-12-18,Film & Animation,9
2017-12-18,Gaming,6
2017-12-18,Howto & Style,17
2017-12-18,Music,18
2017-12-18,News & Politics,14
2017-12-18,People & Blogs,24
2017-12-18,Science & Technology,2
2017-12-18,Sports,18
2017-12-18,Travel & Events,1
2017-12-19,Autos & Vehicles,4
2017-12-19,Comedy,25
2017-12-19,Education,4
2017-12-19,Entertainment,56
2017-12-19,Film & Animation,7
2017-12-19,Gaming,9
2017-12-19,Howto & Style,12
2017-12-19,Music,21
2017-12-19,News & Politics,21
2017-12-19,People & Blogs,22
2017-12-19,Science & Technology,1
2017-12-19,Shows,1
2017-12-19,Sports,17
2017-12-20,Autos & Vehicles,1
2017-12-20,Comedy,30
2017-12-20,Education,2
2017-12-20,Entertainment,55
2017-12-20,Film & Animation,14
2017-12-20,Gaming,9
2017-12-20,Howto & Style,9
2017-12-20,Music,20
2017-12-20,News & Politics,19
2017-12-20,People & Blogs,26
2017-12-20,Pets & Animals,2
2017-12-20,Science & Technology,2
2017-12-20,Sports,10
2017-12-21,Autos & Vehicles,3
2017-12-21,Comedy,31
2017-12-21,Education,6
2017-12-21,Entertainment,53
2017-12-21,Film & Animation,11
2017-12-21,Gaming,8
2017-12-21,Howto & Style,12
2017-12-21,Music,18
2017-12-21,News & Politics,19
2017-12-21,People & Blogs,22
2017-12-21,Pets & Animals,1
2017-12-21,Science & Technology,2
2017-12-21,Sports,13
2017-12-21,Travel & Events,1
2017-12-22,Autos & Vehicles,4
2017-12-22,Comedy,37
2017-12-22,Education,6
2017-12-22,Entertainment,40
2017-12-22,Film & Animation,10
2017-12-22,Gaming,11
2017-12-22,Howto & Style,9
2017-12-22,Music,18
2017-12-22,News & Politics,19
2017-12-22,People & Blogs,27
2017-12-22,Pets & Animals,1
2017-12-22,Shows,1
2017-12-22,Sports,14
2017-12-22,Travel & Events,1
2017-12-23,Autos & Vehicles,4
2017-12-23,Comedy,33
2017-12-23,Education,3
2017-12-23,Entertainment,37
2017-12-23,Film & Animation,9
2017-12-23,Gaming,8
2017-12-23,Howto & Style,18
2017-12-23,Music,28
2017-12-23,News & Politics,15
2017-12-23,People & Blogs,23
2017-12-23,Pets & Animals,1
2017-12-23,Science & Technology,3
2017-12-23,Shows,1
2017-12-23,Sports,17
2017-12-24,Autos & Vehicles,1
2017-12-24,Comedy,25
2017-12-24,Education,3
2017-12-24,Entertainment,52
2017-12-24,Film & Animation,7
2017-12-24,Gaming,5
2017-12-24,Howto & Style,8
2017-12-24,Music,21
2017-12-24,News & Politics,13
2017-12-24,People & Blogs,34
2017-12-24,Science & Technology,2
2017-12-24,Sports,29
2017-12-25,Comedy,27
2017-12-25,Education,3
2017-12-25,Entertainment,51
2017-12-25,Film & Animation,7
2017-12-25,Gaming,8
2017-12-25,Howto & Style,12
2017-12-25,Music,25
2017-12-25,News & Politics,8
2017-12-25,People & Blogs,24
2017-12-25,Science & Technology,1
2017-12-25,Shows,1
2017-12-25,Sports,32
2017-12-26,Autos & Vehicles,2
2017-12-26,Comedy,21
2017-12-26,Education,6
2017-12-26,Entertainment,51
2017-12-26,Film & Animation,15
2017-12-26,Gaming,6
2017-12-26,Howto & Style,11
2017-12-26,Music,17
2017-12-26,News & Politics,17
2017-12-26,People & Blogs,27
2017-12-26,Science & Technology,1
2017-12-26,Shows,1
2017-12-26,Sports,22
2017-12-27,Autos & Vehicles,2
2017-12-27,Comedy,13
2017-12-27,Education,5
2017-12-27,Entertainment,58
2017-12-27,Film & Animation,13
2017-12-27,Gaming,8
2017-12-27,Howto & Style,9
2017-12-27,Music,17
2017-12-27,News & Politics,12
2017-12-27,People & Blogs,28
2017-12-27,Pets & Animals,1
2017-12-27,Science & Technology,5
2017-12-27,Sports,26
2017-12-27,Travel & Events,1
2017-12-28,Autos & Vehicles,5
2017-12-28,Comedy,22
2017-12-28,Education,3
2017-12-28,Entertainment,49
2017-12-28,Film & Animation,11
2017-12-28,Gaming,8
2017-12-28,Howto & Style,13
2017-12-28,Music,13
2017-12-28,News & Politics,15
2017-12-28,People & Blogs,33
2017-12-28,Pets & Animals,1
2017-12-28,Science & Technology,5
2017-12-28,Shows,1
2017-12-28,Sports,18
2017-12-28,Travel & Events,1
2017-12-29,Autos & Vehicles,3
2017-12-29,Comedy,22
2017-12-29,Education,2
2017-12-29,Entertainment,52
2017-12-29,Film & Animation,10
2017-12-29,Gaming,13
2017-12-29,Howto & Style,12
2017-12-29,Music,15
2017-12-29,News & Politics,11
2017-12-29,People & Blogs,34
2017-12-29,Pets & Animals,1
2017-12-29,Science & Technology,6
2017-12-29,Shows,1
2017-12-29,Sports,17
2017-12-29,Travel & Events,1
2017-12-30,Autos & Vehicles,3
2017-12-30,Comedy,19
2017-12-30,Education,3
2017-12-30,Entertainment,59
2017-12-30,Film & Animation,12
2017-12-30,Gaming,9
2017-12-30,Howto & Style,17
2017-12-30,Music,17
2017-12-30,News & Politics,12
2017-12-30,People & Blogs,27
2017-12-30,Pets & Animals,1
2017-12-30,Science & Technology,6
2017-12-30,Shows,1
2017-12-30,Sports,14
2017-12-31,Autos & Vehicles,3
2017-12-31,Comedy,18
2017-12-31,Education,6
2017-12-31,Entertainment,52
2017-12-31,Film & Animation,14
2017-12-31,Gaming,8
2017-12-31,Howto & Style,13
2017-12-31,Music,18
2017-12-31,News & Politics,13
2017-12-31,People & Blogs,33
2017-12-31,Science & Technology,5
2017-12-31,Sports,16
2018-01-01,Autos & Vehicles,1
2018-01-01,Comedy,22
2018-01-01,Education,4
2018-01-01,Entertainment,47
2018-01-01,Film & Animation,16
2018-01-01,Gaming,8
2018-01-01,Howto & Style,15
2018-01-01,Music,17
2018-01-01,News & Politics,26
2018-01-01,People & Blogs,30
2018-01-01,Science & Technology,3
2018-01-01,Sports,11
2018-01-02,Autos & Vehicles,1
2018-01-02,Comedy,17
2018-01-02,Education,5
2018-01-02,Entertainment,46
2018-01-02,Film & Animation,13
2018-01-02,Gaming,5
2018-01-02,Howto & Style,10
2018-01-02,Music,16
2018-01-02,News & Politics,26
2018-01-02,People & Blogs,25
2018-01-02,Science & Technology,7
2018-01-02,Sports,26
2018-01-02,Travel & Events,1
2018-01-03,Autos & Vehicles,2
2018-01-03,Comedy,16
2018-01-03,Education,4
2018-01-03,Entertainment,43
2018-01-03,Film & Animation,10
2018-01-03,Gaming,7
2018-01-03,Howto & Style,19
2018-01-03,Music,20
2018-01-03,News & Politics,24
2018-01-03,People & Blogs,29
2018-01-03,Pets & Animals,3
2018-01-03,Science & Technology,6
2018-01-03,Shows,1
2018-01-03,Sports,14
2018-01-04,Autos & Vehicles,1
2018-01-04,Comedy,21
2018-01-04,Education,1
2018-01-04,Entertainment,45
2018-01-04,Film & Animation,8
2018-01-04,Gaming,9
2018-01-04,Howto & Style,11
2018-01-04,Music,18
2018-01-04,News & Politics,31
2018-01-04,People & Blogs,27
2018-01-04,Pets & Animals,2
2018-01-04,Science & Technology,5
2018-01-04,Shows,1
2018-01-04,Sports,17
2018-01-04,Travel & Events,1
2018-01-05,Autos & Vehicles,4
2018-01-05,Comedy,18
2018-01-05,Education,1
2018-01-05,Entertainment,44
2018-01-05,Film & Animation,7
2018-01-05,Gaming,9
2018-01-05,Howto & Style,16
2018-01-05,Music,16
2018-01-05,News & Politics,29
2018-01-05,People & Blogs,26
2018-01-05,Pets & Animals,1
2018-01-05,Science & Technology,5
2018-01-05,Shows,1
2018-01-05,Sports,22
2018-01-06,Autos & Vehicles,1
2018-01-06,Comedy,17
2018-01-06,Education,2
2018-01-06,Entertainment,43
2018-01-06,Film & Animation,6
2018-01-06,Gaming,5
2018-01-06,Howto & Style,13
2018-01-06,Music,24
2018-01-06,News & Politics,26
2018-01-06,People & Blogs,30
2018-01-06,Pets & Animals,1
2018-01-06,Science & Technology,6
2018-01-06,Sports,25
2018-01-07,Comedy,22
2018-01-07,Education,3
2018-01-07,Entertainment,49
2018-01-07,Film & Animation,12
2018-01-07,Gaming,8
2018-01-07,Howto & Style,12
2018-01-07,Music,18
2018-01-07,News & Politics,23
2018-01-07,People & Blogs,29
2018-01-07,Science & Technology,6
2018-01-07,Sports,16
2018-01-07,Travel & Events,1
2018-01-08,Autos & Vehicles,3
2018-01-08,Comedy,19
2018-01-08,Education,5
2018-01-08,Entertainment,47
2018-01-08,Film & Animation,11
2018-01-08,Gaming,7
2018-01-08,Howto & Style,12
2018-01-08,Music,19
2018-01-08,News & Politics,19
2018-01-08,People & Blogs,22
2018-01-08,Science & Technology,3
2018-01-08,Sports,29
2018-01-08,Travel & Events,3
2018-01-09,Autos & Vehicles,4
2018-01-09,Comedy,24
2018-01-09,Education,2
2018-01-09,Entertainment,57
2018-01-09,Film & Animation,8
2018-01-09,Gaming,6
2018-01-09,Howto & Style,10
2018-01-09,Music,10
2018-01-09,News & Politics,18
2018-01-09,People & Blogs,22
2018-01-09,Sports,34
2018-01-09,Travel & Events,3
2018-01-12,Autos & Vehicles,6
2018-01-12,Comedy,27
2018-01-12,Education,5
2018-01-12,Entertainment,39
2018-01-12,Film & Animation,9
2018-01-12,Gaming,8
2018-01-12,Howto & Style,12
2018-01-12,Music,20
2018-01-12,News & Politics,17
2018-01-12,People & Blogs,28
2018-01-12,Pets & Animals,1
2018-01-12,Science & Technology,7
2018-01-12,Shows,1
2018-01-12,Sports,19
2018-01-12,Travel & Events,1
2018-01-13,Comedy,26
2018-01-13,Education,3
2018-01-13,Entertainment,43
2018-01-13,Film & Animation,13
2018-01-13,Gaming,7
2018-01-13,Howto & Style,13
2018-01-13,Music,26
2018-01-13,News & Politics,19
2018-01-13,People & Blogs,23
2018-01-13,Pets & Animals,1
2018-01-13,Science & Technology,4
2018-01-13,Shows,1
2018-01-13,Sports,18
2018-01-13,Travel & Events,1
2018-01-14,Autos & Vehicles,1
2018-01-14,Comedy,22
2018-01-14,Education,1
2018-01-14,Entertainment,51
2018-01-14,Film & Animation,15
2018-01-14,Gaming,6
2018-01-14,Howto & Style,12
2018-01-14,Music,23
2018-01-14,News & Politics,17
2018-01-14,People & Blogs,25
2018-01-14,Science & Technology,3
2018-01-14,Sports,23
2018-01-15,Autos & Vehicles,2
2018-01-15,Comedy,22
2018-01-15,Education,8
2018-01-15,Entertainment,40
2018-01-15,Film & Animation,10
2018-01-15,Gaming,8
2018-01-15,Howto & Style,13
2018-01-15,Music,18
2018-01-15,News & Politics,16
2018-01-15,People & Blogs,25
2018-01-15,Science & Technology,1
2018-01-15,Sports,36
2018-01-15,Travel & Events,1
2018-01-16,Autos & Vehicles,5
2018-01-16,Comedy,21
2018-01-16,Education,5
2018-01-16,Entertainment,35
2018-01-16,Film & Animation,12
2018-01-16,Gaming,11
2018-01-16,Howto & Style,8
2018-01-16,Music,19
2018-01-16,News & Politics,22
2018-01-16,People & Blogs,20
2018-01-16,Science & Technology,1
2018-01-16,Sports,40
2018-01-16,Travel & Events,1
2018-01-17,Autos & Vehicles,2
2018-01-17,Comedy,24
2018-01-17,Education,4
2018-01-17,Entertainment,41
2018-01-17,Film & Animation,13
2018-01-17,Gaming,8
2018-01-17,Howto & Style,11
2018-01-17,Music,10
2018-01-17,News & Politics,23
2018-01-17,People & Blogs,34
2018-01-17,Pets & Animals,1
2018-01-17,Science & Technology,2
2018-01-17,Shows,1
2018-01-17,Sports,24
2018-01-17,Travel & Events,1
2018-01-18,Autos & Vehicles,3
2018-01-18,Comedy,28
2018-01-18,Education,2
2018-01-18,Entertainment,40
2018-01-18,Film & Animation,10
2018-01-18,Gaming,10
2018-01-18,Howto & Style,15
2018-01-18,Music,13
2018-01-18,News & Politics,18
2018-01-18,People & Blogs,34
2018-01-18,Science & Technology,6
2018-01-18,Shows,1
2018-01-18,Sports,18
2018-01-18,Travel & Events,2
2018-01-19,Autos & Vehicles,3
2018-01-19,Comedy,21
2018-01-19,Education,3
2018-01-19,Entertainment,39
2018-01-19,Film & Animation,7
2018-01-19,Gaming,12
2018-01-19,Howto & Style,13
2018-01-19,Music,22
2018-01-19,News & Politics,21
2018-01-19,People & Blogs,34
2018-01-19,Pets & Animals,1
2018-01-19,Science & Technology,2
2018-01-19,Shows,1
2018-01-19,Sports,20
2018-01-20,Comedy,26
2018-01-20,Education,3
2018-01-20,Entertainment,41
2018-01-20,Film & Animation,8
2018-01-20,Gaming,16
2018-01-20,Howto & Style,8
2018-01-20,Music,32
2018-01-20,News & Politics,19
2018-01-20,People & Blogs,30
2018-01-20,Pets & Animals,1
2018-01-20,Science & Technology,3
2018-01-20,Shows,1
2018-01-20,Sports,11
2018-01-20,Travel & Events,1
2018-01-21,Autos & Vehicles,2
2018-01-21,Comedy,29
2018-01-21,Education,1
2018-01-21,Entertainment,54
2018-01-21,Film & Animation,14
2018-01-21,Gaming,10
2018-01-21,Howto & Style,5
2018-01-21,Music,22
2018-01-21,News & Politics,15
2018-01-21,People & Blogs,25
2018-01-21,Pets & Animals,2
2018-01-21,Science & Technology,2
2018-01-21,Sports,19
2018-01-22,Autos & Vehicles,1
2018-01-22,Comedy,20
2018-01-22,Education,4
2018-01-22,Entertainment,47
2018-01-22,Film & Animation,9
2018-01-22,Gaming,9
2018-01-22,Howto & Style,13
2018-01-22,Music,19
2018-01-22,News & Politics,18
2018-01-22,People & Blogs,24
2018-01-22,Pets & Animals,1
2018-01-22,Science & Technology,2
2018-01-22,Sports,32
2018-01-23,Autos & Vehicles,6
2018-01-23,Comedy,20
2018-01-23,Education,5
2018-01-23,Entertainment,49
2018-01-23,Film & Animation,12
2018-01-23,Gaming,8
2018-01-23,Howto & Style,7
2018-01-23,Music,14
2018-01-23,News & Politics,12
2018-01-23,People & Blogs,21
2018-01-23,Pets & Animals,1
2018-01-23,Science & Technology,3
2018-01-23,Shows,1
2018-01-23,Sports,40
2018-01-24,Autos & Vehicles,3
2018-01-24,Comedy,18
2018-01-24,Education,3
2018-01-24,Entertainment,51
2018-01-24,Film & Animation,12
2018-01-24,Gaming,7
2018-01-24,Howto & Style,12
2018-01-24,Music,13
2018-01-24,News & Politics,17
2018-01-24,People & Blogs,28
2018-01-24,Science & Technology,6
2018-01-24,Sports,26
2018-01-24,Travel & Events,1
2018-01-25,Autos & Vehicles,7
2018-01-25,Comedy,22
2018-01-25,Education,5
2018-01-25,Entertainment,46
2018-01-25,Film & Animation,13
2018-01-25,Gaming,1
2018-01-25,Howto & Style,11
2018-01-25,Music,17
2018-01-25,News & Politics,19
2018-01-25,People & Blogs,22
2018-01-25,Science & Technology,3
2018-01-25,Sports,30
2018-01-25,Travel & Events,1
2018-01-26,Autos & Vehicles,3
2018-01-26,Comedy,25
2018-01-26,Education,5
2018-01-26,Entertainment,43
2018-01-26,Film & Animation,8
2018-01-26,Gaming,9
2018-01-26,Howto & Style,9
2018-01-26,Music,28
2018-01-26,News & Politics,20
2018-01-26,People & Blogs,23
2018-01-26,Pets & Animals,1
2018-01-26,Science & Technology,2
2018-01-26,Sports,22
2018-01-26,Travel & Events,1
2018-01-27,Autos & Vehicles,6
2018-01-27,Comedy,23
2018-01-27,Education,3
2018-01-27,Entertainment,44
2018-01-27,Film & Animation,7
2018-01-27,Gaming,5
2018-01-27,Howto & Style,16
2018-01-27,Music,27
2018-01-27,News & Politics,17
2018-01-27,People & Blogs,26
2018-01-27,Pets & Animals,1
2018-01-27,Science & Technology,5
2018-01-27,Sports,19
2018-01-28,Autos & Vehicles,9
2018-01-28,Comedy,19
2018-01-28,Education,2
2018-01-28,Entertainment,45
2018-01-28,Film & Animation,12
2018-01-28,Gaming,4
2018-01-28,Howto & Style,15
2018-01-28,Music,23
2018-01-28,News & Politics,10
2018-01-28,People & Blogs,30
2018-01-28,Science & Technology,6
2018-01-28,Sports,24
2018-01-29,Autos & Vehicles,7
2018-01-29,Comedy,23
2018-01-29,Education,4
2018-01-29,Entertainment,44
2018-01-29,Film & Animation,8
2018-01-29,Gaming,13
2018-01-29,Howto & Style,22
2018-01-29,Music,18
2018-01-29,News & Politics,7
2018-01-29,People & Blogs,16
2018-01-29,Pets & Animals,2
2018-01-29,Science & Technology,2
2018-01-29,Sports,32
2018-01-29,Travel & Events,2
2018-01-30,Autos & Vehicles,6
2018-01-30,Comedy,15
2018-01-30,Education,4
2018-01-30,Entertainment,44
2018-01-30,Film & Animation,13
2018-01-30,Gaming,9
2018-01-30,Howto & Style,12
2018-01-30,Music,26
2018-01-30,News & Politics,13
2018-01-30,People & Blogs,26
2018-01-30,Pets & Animals,2
2018-01-30,Science & Technology,4
2018-01-30,Shows,1
2018-01-30,Sports,23
2018-01-31,Autos & Vehicles,1
2018-01-31,Comedy,15
2018-01-31,Education,6
2018-01-31,Entertainment,50
2018-01-31,Film & Animation,10
2018-01-31,Gaming,7
2018-01-31,Howto & Style,8
2018-01-31,Music,22
2018-01-31,News & Politics,21
2018-01-31,People & Blogs,30
2018-01-31,Pets & Animals,1
2018-01-31,Science & Technology,2
2018-01-31,Shows,1
2018-01-31,Sports,23
2018-01-31,Travel & Events,1
2018-02-01,Autos & Vehicles,3
2018-02-01,Comedy,14
2018-02-01,Education,5
2018-02-01,Entertainment,44
2018-02-01,Film & Animation,10
2018-02-01,Gaming,7
2018-02-01,Howto & Style,15
2018-02-01,Music,15
2018-02-01,News & Politics,26
2018-02-01,People & Blogs,27
2018-02-01,Pets & Animals,5
2018-02-01,Science & Technology,5
2018-02-01,Sports,22
2018-02-01,Travel & Events,2
2018-02-02,Autos & Vehicles,3
2018-02-02,Comedy,15
2018-02-02,Education,5
2018-02-02,Entertainment,38
2018-02-02,Film & Animation,17
2018-02-02,Gaming,5
2018-02-02,Howto & Style,15
2018-02-02,Music,18
2018-02-02,News & Politics,23
2018-02-02,People & Blogs,31
2018-02-02,Pets & Animals,2
2018-02-02,Science & Technology,5
2018-02-02,Shows,1
2018-02-02,Sports,20
2018-02-02,Travel & Events,1
2018-02-03,Autos & Vehicles,7
2018-02-03,Comedy,23
2018-02-03,Education,4
2018-02-03,Entertainment,48
2018-02-03,Film & Animation,14
2018-02-03,Gaming,8
2018-02-03,Howto & Style,12
2018-02-03,Music,28
2018-02-03,News & Politics,15
2018-02-03,People & Blogs,23
2018-02-03,Pets & Animals,2
2018-02-03,Science & Technology,2
2018-02-03,Shows,1
2018-02-03,Sports,12
2018-02-04,Autos & Vehicles,3
2018-02-04,Comedy,16
2018-02-04,Education,3
2018-02-04,Entertainment,58
2018-02-04,Film & Animation,12
2018-02-04,Gaming,4
2018-02-04,Howto & Style,9
2018-02-04,Music,25
2018-02-04,News & Politics,9
2018-02-04,People & Blogs,31
2018-02-04,Pets & Animals,1
2018-02-04,Science & Technology,5
2018-02-04,Sports,24
2018-02-05,Autos & Vehicles,3
2018-02-05,Comedy,21
2018-02-05,Education,4
2018-02-05,Entertainment,38
2018-02-05,Film & Animation,5
2018-02-05,Gaming,12
2018-02-05,Howto & Style,14
2018-02-05,Music,21
2018-02-05,News & Politics,11
2018-02-05,People & Blogs,34
2018-02-05,Pets & Animals,2
2018-02-05,Science & Technology,4
2018-02-05,Sports,27
2018-02-05,Travel & Events,1
2018-02-06,Autos & Vehicles,6
2018-02-06,Comedy,24
2018-02-06,Education,4
2018-02-06,Entertainment,49
2018-02-06,Film & Animation,10
2018-02-06,Gaming,12
2018-02-06,Howto & Style,7
2018-02-06,Music,15
2018-02-06,News & Politics,16
2018-02-06,People & Blogs,22
2018-02-06,Pets & Animals,2
2018-02-06,Science & Technology,5
2018-02-06,Shows,1
2018-02-06,Sports,23
2018-02-06,Travel & Events,2
2018-02-07,Autos & Vehicles,3
2018-02-07,Comedy,13
2018-02-07,Education,5
2018-02-07,Entertainment,49
2018-02-07,Film & Animation,17
2018-02-07,Gaming,7
2018-02-07,Howto & Style,12
2018-02-07,Music,10
2018-02-07,News & Politics,16
2018-02-07,People & Blogs,30
2018-02-07,Pets & Animals,2
2018-02-07,Science & Technology,8
2018-02-07,Shows,1
2018-02-07,Sports,27
2018-02-08,Autos & Vehicles,5
2018-02-08,Comedy,17
2018-02-08,Education,3
2018-02-08,Entertainment,43
2018-02-08,Film & Animation,8
2018-02-08,Gaming,10
2018-02-08,Howto & Style,13
2018-02-08,Music,17
2018-02-08,News & Politics,24
2018-02-08,People & Blogs,27
2018-02-08,Science & Technology,9
2018-02-08,Sports,22
2018-02-08,Travel & Events,1
2018-02-09,Autos & Vehicles,4
2018-02-09,Comedy,19
2018-02-09,Education,7
2018-02-09,Entertainment,48
2018-02-09,Film & Animation,7
2018-02-09,Gaming,8
2018-02-09,Howto & Style,12
2018-02-09,Music,15
2018-02-09,News & Politics,16
2018-02-09,People & Blogs,27
2018-02-09,Science & Technology,8
2018-02-09,Shows,1
2018-02-09,Sports,25
2018-02-09,Travel & Events,2
2018-02-10,Autos & Vehicles,3
2018-02-10,Comedy,14
2018-02-10,Education,3
2018-02-10,Entertainment,42
2018-02-10,Film & Animation,14
2018-02-10,Gaming,7
2018-02-10,Howto & Style,12
2018-02-10,Music,29
2018-02-10,News & Politics,20
2018-02-10,People & Blogs,20
2018-02-10,Pets & Animals,2
2018-02-10,Science & Technology,10
2018-02-10,Sports,22
2018-02-10,Travel & Events,1
2018-02-11,Autos & Vehicles,2
2018-02-11,Comedy,14
2018-02-11,Education,5
2018-02-11,Entertainment,52
2018-02-11,Film & Animation,14
2018-02-11,Gaming,4
2018-02-11,Howto & Style,15
2018-02-11,Music,14
2018-02-11,News & Politics,15
2018-02-11,People & Blogs,28
2018-02-11,Pets & Animals,1
2018-02-11,Science & Technology,4
2018-02-11,Sports,28
2018-02-12,Autos & Vehicles,3
2018-02-12,Comedy,18
2018-02-12,Education,4
2018-02-12,Entertainment,42
2018-02-12,Film & Animation,12
2018-02-12,Gaming,13
2018-02-12,Howto & Style,22
2018-02-12,Music,19
2018-02-12,News & Politics,17
2018-02-12,People & Blogs,28
2018-02-12,Pets & Animals,2
2018-02-12,Science & Technology,1
2018-02-12,Sports,15
2018-02-12,Travel & Events,1
2018-02-13,Autos & Vehicles,4
2018-02-13,Comedy,18
2018-02-13,Education,5
2018-02-13,Entertainment,40
2018-02-13,Film & Animation,9
2018-02-13,Gaming,9
2018-02-13,Howto & Style,22
2018-02-13,Music,21
2018-02-13,News & Politics,21
2018-02-13,People & Blogs,21
2018-02-13,Pets & Animals,2
2018-02-13,Science & Technology,2
2018-02-13,Shows,1
2018-02-13,Sports,19
2018-02-13,Travel & Events,1
2018-02-14,Autos & Vehicles,1
2018-02-14,Comedy,14
2018-02-14,Education,2
2018-02-14,Entertainment,47
2018-02-14,Film & Animation,9
2018-02-14,Gaming,10
2018-02-14,Howto & Style,14
2018-02-14,Music,21
2018-02-14,News & Politics,17
2018-02-14,People & Blogs,34
2018-02-14,Pets & Animals,2
2018-02-14,Science & Technology,6
2018-02-14,Sports,18
2018-02-15,Autos & Vehicles,5
2018-02-15,Comedy,10
2018-02-15,Education,6
2018-02-15,Entertainment,42
2018-02-15,Film & Animation,11
2018-02-15,Gaming,11
2018-02-15,Howto & Style,10
2018-02-15,Music,24
2018-02-15,News & Politics,23
2018-02-15,People & Blogs,27
2018-02-15,Pets & Animals,2
2018-02-15,Science & Technology,5
2018-02-15,Sports,20
2018-02-16,Autos & Vehicles,4
2018-02-16,Comedy,14
2018-02-16,Education,4
2018-02-16,Entertainment,46
2018-02-16,Film & Animation,8
2018-02-16,Gaming,3
2018-02-16,Howto & Style,11
2018-02-16,Music,22
2018-02-16,News & Politics,19
2018-02-16,People & Blogs,34
2018-02-16,Pets & Animals,2
2018-02-16,Science & Technology,6
2018-02-16,Shows,1
2018-02-16,Sports,21
2018-02-17,Autos & Vehicles,2
2018-02-17,Comedy,15
2018-02-17,Education,3
2018-02-17,Entertainment,57
2018-02-17,Film & Animation,9
2018-02-17,Gaming,6
2018-02-17,Howto & Style,13
2018-02-17,Music,29
2018-02-17,News & Politics,11
2018-02-17,People & Blogs,33
2018-02-17,Pets & Animals,1
2018-02-17,Science & Technology,4
2018-02-17,Sports,15
2018-02-18,Autos & Vehicles,2
2018-02-18,Comedy,17
2018-02-18,Education,1
2018-02-18,Entertainment,61
2018-02-18,Film & Animation,7
2018-02-18,Gaming,9
2018-02-18,Howto & Style,10
2018-02-18,Music,25
2018-02-18,News & Politics,11
2018-02-18,People & Blogs,28
2018-02-18,Pets & Animals,3
2018-02-18,Science & Technology,3
2018-02-18,Sports,21
2018-02-19,Autos & Vehicles,2
2018-02-19,Comedy,14
2018-02-19,Education,5
2018-02-19,Entertainment,56
2018-02-19,Film & Animation,7
2018-02-19,Gaming,11
2018-02-19,Howto & Style,13
2018-02-19,Music,20
2018-02-19,News & Politics,15
2018-02-19,People & Blogs,29
2018-02-19,Pets & Animals,1
2018-02-19,Science & Technology,3
2018-02-19,Sports,23
2018-02-20,Autos & Vehicles,4
2018-02-20,Comedy,12
2018-02-20,Education,3
2018-02-20,Entertainment,47
2018-02-20,Film & Animation,9
2018-02-20,Gaming,8
2018-02-20,Howto & Style,9
2018-02-20,Music,20
2018-02-20,News & Politics,23
2018-02-20,People & Blogs,29
2018-02-20,Pets & Animals,1
2018-02-20,Science & Technology,3
2018-02-20,Sports,30
2018-02-21,Autos & Vehicles,3
2018-02-21,Comedy,12
2018-02-21,Education,2
2018-02-21,Entertainment,62
2018-02-21,Film & Animation,11
2018-02-21,Gaming,6
2018-02-21,Howto & Style,8
2018-02-21,Music,17
2018-02-21,News & Politics,19
2018-02-21,People & Blogs,33
2018-02-21,Pets & Animals,1
2018-02-21,Science & Technology,3
2018-02-21,Sports,21
2018-02-22,Autos & Vehicles,1
2018-02-22,Comedy,22
2018-02-22,Education,3
2018-02-22,Entertainment,54
2018-02-22,Film & Animation,14
2018-02-22,Gaming,9
2018-02-22,Howto & Style,10
2018-02-22,Music,18
2018-02-22,News & Politics,14
2018-02-22,People & Blogs,30
2018-02-22,Pets & Animals,3
2018-02-22,Science & Technology,6
2018-02-22,Shows,1
2018-02-22,Sports,14
2018-02-23,Autos & Vehicles,6
2018-02-23,Comedy,17
2018-02-23,Education,1
2018-02-23,Entertainment,45
2018-02-23,Film & Animation,15
2018-02-23,Gaming,5
2018-02-23,Howto & Style,16
2018-02-23,Music,29
2018-02-23,News & Politics,17
2018-02-23,People & Blogs,28
2018-02-23,Pets & Animals,1
2018-02-23,Science & Technology,5
2018-02-23,Sports,12
2018-02-24,Autos & Vehicles,3
2018-02-24,Comedy,24
2018-02-24,Education,4
2018-02-24,Entertainment,39
2018-02-24,Film & Animation,11
2018-02-24,Gaming,6
2018-02-24,Howto & Style,19
2018-02-24,Music,32
2018-02-24,News & Politics,11
2018-02-24,People & Blogs,22
2018-02-24,Pets & Animals,3
2018-02-24,Science & Technology,6
2018-02-24,Sports,14
2018-02-24,Travel & Events,1
2018-02-25,Autos & Vehicles,4
2018-02-25,Comedy,23
2018-02-25,Education,2
2018-02-25,Entertainment,49
2018-02-25,Film & Animation,15
2018-02-25,Gaming,5
2018-02-25,Howto & Style,8
2018-02-25,Music,24
2018-02-25,News & Politics,17
2018-02-25,People & Blogs,23
2018-02-25,Pets & Animals,1
2018-02-25,Science & Technology,4
2018-02-25,Sports,23
2018-02-26,Autos & Vehicles,6
2018-02-26,Comedy,23
2018-02-26,Education,3
2018-02-26,Entertainment,44
2018-02-26,Film & Animation,10
2018-02-26,Gaming,4
2018-02-26,Howto & Style,22
2018-02-26,Music,12
2018-02-26,News & Politics,12
2018-02-26,People & Blogs,27
2018-02-26,Science & Technology,9
2018-02-26,Sports,27
2018-02-26,Travel & Events,1
2018-02-27,Autos & Vehicles,5
2018-02-27,Comedy,21
2018-02-27,Education,2
2018-02-27,Entertainment,46
2018-02-27,Film & Animation,10
2018-02-27,Gaming,6
2018-02-27,Howto & Style,10
2018-02-27,Music,16
2018-02-27,News & Politics,17
2018-02-27,People & Blogs,31
2018-02-27,Pets & Animals,1
2018-02-27,Science & Technology,7
2018-02-27,Sports,28
2018-02-28,Autos & Vehicles,4
2018-02-28,Comedy,18
2018-02-28,Education,5
2018-02-28,Entertainment,52
2018-02-28,Film & Animation,12
2018-02-28,Gaming,6
2018-02-28,Howto & Style,12
2018-02-28,Music,17
2018-02-28,News & Politics,26
2018-02-28,People & Blogs,26
2018-02-28,Pets & Animals,2
2018-02-28,Science & Technology,4
2018-02-28,Shows,1
2018-02-28,Sports,13
2018-02-28,Travel & Events,1
2018-03-01,Autos & Vehicles,2
2018-03-01,Comedy,20
2018-03-01,Education,4
2018-03-01,Entertainment,44
2018-03-01,Film & Animation,10
2018-03-01,Gaming,12
2018-03-01,Howto & Style,9
2018-03-01,Music,22
2018-03-01,News & Politics,13
2018-03-01,People & Blogs,19
2018-03-01,Pets & Animals,3
2018-03-01,Science & Technology,5
2018-03-01,Sports,31
2018-03-01,Travel & Events,2
2018-03-02,Autos & Vehicles,2
2018-03-02,Comedy,25
2018-03-02,Education,6
2018-03-02,Entertainment,41
2018-03-02,Film & Animation,10
2018-03-02,Gaming,5
2018-03-02,Howto & Style,12
2018-03-02,Music,25
2018-03-02,News & Politics,12
2018-03-02,People & Blogs,30
2018-03-02,Pets & Animals,2
2018-03-02,Science & Technology,6
2018-03-02,Shows,1
2018-03-02,Sports,20
2018-03-02,Travel & Events,1
2018-03-03,Autos & Vehicles,4
2018-03-03,Comedy,17
2018-03-03,Education,3
2018-03-03,Entertainment,39
2018-03-03,Film & Animation,11
2018-03-03,Gaming,5
2018-03-03,Howto & Style,12
2018-03-03,Music,36
2018-03-03,News & Politics,13
2018-03-03,People & Blogs,40
2018-03-03,Pets & Animals,2
2018-03-03,Science & Technology,4
2018-03-03,Sports,13
2018-03-04,Autos & Vehicles,3
2018-03-04,Comedy,15
2018-03-04,Education,2
2018-03-04,Entertainment,56
2018-03-04,Film & Animation,18
2018-03-04,Gaming,4
2018-03-04,Howto & Style,8
2018-03-04,Music,24
2018-03-04,News & Politics,13
2018-03-04,People & Blogs,26
2018-03-04,Pets & Animals,1
2018-03-04,Science & Technology,5
2018-03-04,Sports,21
2018-03-04,Travel & Events,2
2018-03-05,Autos & Vehicles,5
2018-03-05,Comedy,19
2018-03-05,Education,1
2018-03-05,Entertainment,56
2018-03-05,Film & Animation,17
2018-03-05,Gaming,3
2018-03-05,Howto & Style,18
2018-03-05,Music,17
2018-03-05,News & Politics,16
2018-03-05,People & Blogs,19
2018-03-05,Science & Technology,3
2018-03-05,Sports,25
2018-03-05,Travel & Events,1
2018-03-06,Autos & Vehicles,9
2018-03-06,Comedy,17
2018-03-06,Education,4
2018-03-06,Entertainment,50
2018-03-06,Film & Animation,13
2018-03-06,Gaming,6
2018-03-06,Howto & Style,10
2018-03-06,Music,15
2018-03-06,News & Politics,22
2018-03-06,People & Blogs,29
2018-03-06,Pets & Animals,1
2018-03-06,Sports,22
2018-03-07,Autos & Vehicles,7
2018-03-07,Comedy,19
2018-03-07,Education,3
2018-03-07,Entertainment,50
2018-03-07,Film & Animation,13
2018-03-07,Gaming,3
2018-03-07,Howto & Style,12
2018-03-07,Music,13
2018-03-07,News & Politics,18
2018-03-07,People & Blogs,27
2018-03-07,Pets & Animals,2
2018-03-07,Science & Technology,8
2018-03-07,Shows,1
2018-03-07,Sports,22
2018-03-08,Autos & Vehicles,4
2018-03-08,Comedy,23
2018-03-08,Education,3
2018-03-08,Entertainment,58
2018-03-08,Film & Animation,8
2018-03-08,Gaming,7
2018-03-08,Howto & Style,14
2018-03-08,Music,14
2018-03-08,News & Politics,14
2018-03-08,People & Blogs,26
2018-03-08,Pets & Animals,3
2018-03-08,Science & Technology,8
2018-03-08,Sports,18
2018-03-09,Autos & Vehicles,9
2018-03-09,Comedy,20
2018-03-09,Education,6
2018-03-09,Entertainment,46
2018-03-09,Film & Animation,7
2018-03-09,Gaming,13
2018-03-09,Howto & Style,10
2018-03-09,Music,17
2018-03-09,News & Politics,15
2018-03-09,People & Blogs,31
2018-03-09,Pets & Animals,1
2018-03-09,Science & Technology,5
2018-03-09,Sports,18
2018-03-10,Autos & Vehicles,3
2018-03-10,Comedy,15
2018-03-10,Education,3
2018-03-10,Entertainment,44
2018-03-10,Film & Animation,9
2018-03-10,Gaming,15
2018-03-10,Howto & Style,10
2018-03-10,Music,29
2018-03-10,News & Politics,11
2018-03-10,People & Blogs,31
2018-03-10,Pets & Animals,2
2018-03-10,Science & Technology,6
2018-03-10,Sports,21
2018-03-10,Travel & Events,1
2018-03-11,Autos & Vehicles,3
2018-03-11,Comedy,13
2018-03-11,Entertainment,51
2018-03-11,Film & Animation,6
2018-03-11,Gaming,20
2018-03-11,Howto & Style,13
2018-03-11,Music,24
2018-03-11,News & Politics,14
2018-03-11,People & Blogs,31
2018-03-11,Pets & Animals,2
2018-03-11,Science & Technology,3
2018-03-11,Sports,19
2018-03-12,Autos & Vehicles,3
2018-03-12,Comedy,26
2018-03-12,Education,5
2018-03-12,Entertainment,38
2018-03-12,Film & Animation,7
2018-03-12,Gaming,6
2018-03-12,Howto & Style,15
2018-03-12,Music,24
2018-03-12,News & Politics,20
2018-03-12,People & Blogs,33
2018-03-12,Pets & Animals,1
2018-03-12,Sports,21
2018-03-13,Autos & Vehicles,3
2018-03-13,Comedy,24
2018-03-13,Education,1
2018-03-13,Entertainment,31
2018-03-13,Film & Animation,5
2018-03-13,Gaming,18
2018-03-13,Howto & Style,14
2018-03-13,Music,20
2018-03-13,News & Politics,22
2018-03-13,People & Blogs,35
2018-03-13,Pets & Animals,2
2018-03-13,Science & Technology,1
2018-03-13,Sports,19
2018-03-13,Travel & Events,1
2018-03-14,Autos & Vehicles,3
2018-03-14,Comedy,24
2018-03-14,Education,1
2018-03-14,Entertainment,31
2018-03-14,Film & Animation,5
2018-03-14,Gaming,18
2018-03-14,Howto & Style,14
2018-03-14,Music,20
2018-03-14,News & Politics,21
2018-03-14,People & Blogs,35
2018-03-14,Pets & Animals,2
2018-03-14,Science & Technology,1
2018-03-14,Sports,19
2018-03-14,Travel & Events,1
2018-03-15,Autos & Vehicles,4
2018-03-15,Comedy,17
2018-03-15,Education,4
2018-03-15,Entertainment,51
2018-03-15,Film & Animation,10
2018-03-15,Gaming,9
2018-03-15,Howto & Style,9
2018-03-15,Music,16
2018-03-15,News & Politics,17
2018-03-15,People & Blogs,28
2018-03-15,Pets & Animals,2
2018-03-15,Science & Technology,4
2018-03-15,Shows,1
2018-03-15,Sports,25
2018-03-16,Autos & Vehicles,4
2018-03-16,Comedy,24
2018-03-16,Education,7
2018-03-16,Entertainment,45
2018-03-16,Film & Animation,12
2018-03-16,Gaming,6
2018-03-16,Howto & Style,7
2018-03-16,Music,20
2018-03-16,News & Politics,19
2018-03-16,People & Blogs,33
2018-03-16,Pets & Animals,1
2018-03-16,Science & Technology,2
2018-03-16,Sports,17
2018-03-17,Autos & Vehicles,5
2018-03-17,Comedy,21
2018-03-17,Education,8
2018-03-17,Entertainment,41
2018-03-17,Film & Animation,13
2018-03-17,Gaming,7
2018-03-17,Howto & Style,12
2018-03-17,Music,26
2018-03-17,News & Politics,21
2018-03-17,People & Blogs,27
2018-03-17,Pets & Animals,2
2018-03-17,Science & Technology,4
2018-03-17,Sports,10
2018-03-18,Autos & Vehicles,4
2018-03-18,Comedy,8
2018-03-18,Education,3
2018-03-18,Entertainment,54
2018-03-18,Film & Animation,10
2018-03-18,Gaming,3
2018-03-18,Howto & Style,10
2018-03-18,Music,23
2018-03-18,News & Politics,17
2018-03-18,People & Blogs,44
2018-03-18,Pets & Animals,1
2018-03-18,Science & Technology,5
2018-03-18,Sports,16
2018-03-19,Autos & Vehicles,5
2018-03-19,Comedy,12
2018-03-19,Education,6
2018-03-19,Entertainment,48
2018-03-19,Film & Animation,7
2018-03-19,Gaming,5
2018-03-19,Howto & Style,14
2018-03-19,Music,20
2018-03-19,News & Politics,11
2018-03-19,People & Blogs,39
2018-03-19,Pets & Animals,2
2018-03-19,Science & Technology,1
2018-03-19,Sports,28
2018-03-20,Autos & Vehicles,1
2018-03-20,Comedy,16
2018-03-20,Education,2
2018-03-20,Entertainment,47
2018-03-20,Film & Animation,11
2018-03-20,Gaming,3
2018-03-20,Howto & Style,14
2018-03-20,Music,21
2018-03-20,News & Politics,18
2018-03-20,People & Blogs,33
2018-03-20,Pets & Animals,1
2018-03-20,Science & Technology,2
2018-03-20,Sports,29
2018-03-21,Autos & Vehicles,2
2018-03-21,Comedy,19
2018-03-21,Entertainment,50
2018-03-21,Film & Animation,15
2018-03-21,Gaming,5
2018-03-21,Howto & Style,11
2018-03-21,Music,13
2018-03-21,News & Politics,19
2018-03-21,People & Blogs,39
2018-03-21,Pets & Animals,1
2018-03-21,Science & Technology,4
2018-03-21,Sports,21
2018-03-22,Autos & Vehicles,3
2018-03-22,Comedy,17
2018-03-22,Education,1
2018-03-22,Entertainment,49
2018-03-22,Film & Animation,11
2018-03-22,Gaming,8
2018-03-22,Howto & Style,10
2018-03-22,Music,23
2018-03-22,News & Politics,16
2018-03-22,People & Blogs,36
2018-03-22,Pets & Animals,1
2018-03-22,Science & Technology,3
2018-03-22,Shows,1
2018-03-22,Sports,19
2018-03-23,Autos & Vehicles,7
2018-03-23,Comedy,19
2018-03-23,Education,4
2018-03-23,Entertainment,52
2018-03-23,Film & Animation,9
2018-03-23,Gaming,3
2018-03-23,Howto & Style,9
2018-03-23,Music,23
2018-03-23,News & Politics,20
2018-03-23,People & Blogs,26
2018-03-23,Pets & Animals,1
2018-03-23,Science & Technology,6
2018-03-23,Sports,16
2018-03-23,Travel & Events,1
2018-03-24,Autos & Vehicles,4
2018-03-24,Comedy,17
2018-03-24,Education,4
2018-03-24,Entertainment,40
2018-03-24,Film & Animation,8
2018-03-24,Gaming,4
2018-03-24,Howto & Style,13
2018-03-24,Music,22
2018-03-24,News & Politics,25
2018-03-24,People & Blogs,29
2018-03-24,Pets & Animals,1
2018-03-24,Science & Technology,6
2018-03-24,Sports,26
2018-03-24,Travel & Events,1
2018-03-25,Autos & Vehicles,3
2018-03-25,Comedy,12
2018-03-25,Education,3
2018-03-25,Entertainment,47
2018-03-25,Film & Animation,7
2018-03-25,Gaming,8
2018-03-25,Howto & Style,15
2018-03-25,Music,23
2018-03-25,News & Politics,20
2018-03-25,People & Blogs,34
2018-03-25,Pets & Animals,2
2018-03-25,Science & Technology,2
2018-03-25,Sports,24
2018-03-26,Autos & Vehicles,5
2018-03-26,Comedy,15
2018-03-26,Education,5
2018-03-26,Entertainment,35
2018-03-26,Film & Animation,10
2018-03-26,Gaming,7
2018-03-26,Howto & Style,14
2018-03-26,Music,23
2018-03-26,News & Politics,25
2018-03-26,People & Blogs,35
2018-03-26,Pets & Animals,3
2018-03-26,Sports,18
2018-03-26,Travel & Events,2
2018-03-27,Autos & Vehicles,1
2018-03-27,Comedy,18
2018-03-27,Education,2
2018-03-27,Entertainment,45
2018-03-27,Film & Animation,11
2018-03-27,Gaming,8
2018-03-27,Howto & Style,8
2018-03-27,Music,21
2018-03-27,News & Politics,29
2018-03-27,People & Blogs,33
2018-03-27,Pets & Animals,1
2018-03-27,Science & Technology,1
2018-03-27,Sports,16
2018-03-27,Travel & Events,1
2018-03-28,Autos & Vehicles,4
2018-03-28,Comedy,18
2018-03-28,Education,5
2018-03-28,Entertainment,40
2018-03-28,Film & Animation,14
2018-03-28,Gaming,7
2018-03-28,Howto & Style,8
2018-03-28,Music,10
2018-03-28,News & Politics,21
2018-03-28,People & Blogs,29
2018-03-28,Science & Technology,7
2018-03-28,Sports,33
2018-03-28,Travel & Events,2
2018-03-29,Autos & Vehicles,1
2018-03-29,Comedy,26
2018-03-29,Education,4
2018-03-29,Entertainment,42
2018-03-29,Film & Animation,8
2018-03-29,Gaming,6
2018-03-29,Howto & Style,9
2018-03-29,Music,12
2018-03-29,News & Politics,24
2018-03-29,People & Blogs,37
2018-03-29,Science & Technology,1
2018-03-29,Sports,28
2018-03-29,Travel & Events,1
2018-03-30,Autos & Vehicles,4
2018-03-30,Comedy,27
2018-03-30,Education,3
2018-03-30,Entertainment,49
2018-03-30,Film & Animation,6
2018-03-30,Gaming,2
2018-03-30,Howto & Style,10
2018-03-30,Music,16
2018-03-30,News & Politics,28
2018-03-30,People & Blogs,28
2018-03-30,Pets & Animals,2
2018-03-30,Science & Technology,3
2018-03-30,Sports,20
2018-03-31,Autos & Vehicles,4
2018-03-31,Comedy,19
2018-03-31,Education,4
2018-03-31,Entertainment,40
2018-03-31,Film & Animation,10
2018-03-31,Gaming,4
2018-03-31,Howto & Style,12
2018-03-31,Music,34
2018-03-31,News & Politics,24
2018-03-31,People & Blogs,29
2018-03-31,Pets & Animals,3
2018-03-31,Science & Technology,5
2018-03-31,Sports,9
2018-03-31,Travel & Events,1
2018-04-01,Autos & Vehicles,7
2018-04-01,Comedy,12
2018-04-01,Education,2
2018-04-01,Entertainment,41
2018-04-01,Film & Animation,9
2018-04-01,Gaming,2
2018-04-01,Howto & Style,7
2018-04-01,Music,32
2018-04-01,News & Politics,17
2018-04-01,People & Blogs,32
2018-04-01,Pets & Animals,1
2018-04-01,Science & Technology,4
2018-04-01,Shows,1
2018-04-01,Sports,29
2018-04-02,Autos & Vehicles,4
2018-04-02,Comedy,19
2018-04-02,Education,4
2018-04-02,Entertainment,49
2018-04-02,Film & Animation,8
2018-04-02,Gaming,7
2018-04-02,Howto & Style,12
2018-04-02,Music,24
2018-04-02,News & Politics,17
2018-04-02,People & Blogs,26
2018-04-02,Pets & Animals,1
2018-04-02,Science & Technology,2
2018-04-02,Sports,23
2018-04-02,Travel & Events,1
2018-04-03,Autos & Vehicles,2
2018-04-03,Comedy,18
2018-04-03,Education,2
2018-04-03,Entertainment,48
2018-04-03,Film & Animation,10
2018-04-03,Gaming,8
2018-04-03,Howto & Style,14
2018-04-03,Music,19
2018-04-03,News & Politics,19
2018-04-03,People & Blogs,28
2018-04-03,Science & Technology,5
2018-04-03,Sports,24
2018-04-04,Autos & Vehicles,2
2018-04-04,Comedy,27
2018-04-04,Education,3
2018-04-04,Entertainment,45
2018-04-04,Film & Animation,9
2018-04-04,Gaming,6
2018-04-04,Howto & Style,7
2018-04-04,Music,8
2018-04-04,News & Politics,23
2018-04-04,People & Blogs,25
2018-04-04,Pets & Animals,3
2018-04-04,Science & Technology,2
2018-04-04,Sports,37
2018-04-05,Autos & Vehicles,4
2018-04-05,Comedy,28
2018-04-05,Education,3
2018-04-05,Entertainment,39
2018-04-05,Film & Animation,10
2018-04-05,Gaming,10
2018-04-05,Howto & Style,8
2018-04-05,Music,15
2018-04-05,News & Politics,17
2018-04-05,People & Blogs,24
2018-04-05,Science & Technology,3
2018-04-05,Shows,1
2018-04-05,Sports,35
2018-04-05,Travel & Events,1
2018-04-06,Autos & Vehicles,5
2018-04-06,Comedy,24
2018-04-06,Education,4
2018-04-06,Entertainment,38
2018-04-06,Film & Animation,9
2018-04-06,Gaming,8
2018-04-06,Howto & Style,14
2018-04-06,Music,18
2018-04-06,News & Politics,25
2018-04-06,People & Blogs,29
2018-04-06,Science & Technology,4
2018-04-06,Sports,19
2018-04-06,Travel & Events,1
2018-04-07,Autos & Vehicles,6
2018-04-07,Comedy,28
2018-04-07,Education,3
2018-04-07,Entertainment,40
2018-04-07,Film & Animation,13
2018-04-07,Gaming,5
2018-04-07,Howto & Style,10
2018-04-07,Music,25
2018-04-07,News & Politics,14
2018-04-07,People & Blogs,30
2018-04-07,Science & Technology,3
2018-04-07,Sports,20
2018-04-14,Autos & Vehicles,3
2018-04-14,Comedy,16
2018-04-14,Education,4
2018-04-14,Entertainment,40
2018-04-14,Film & Animation,12
2018-04-14,Gaming,9
2018-04-14,Howto & Style,7
2018-04-14,Music,32
2018-04-14,News & Politics,22
2018-04-14,People & Blogs,31
2018-04-14,Pets & Animals,4
2018-04-14,Science & Technology,5
2018-04-14,Sports,15
2018-04-15,Comedy,20
2018-04-15,Education,5
2018-04-15,Entertainment,46
2018-04-15,Film & Animation,14
2018-04-15,Gaming,2
2018-04-15,Howto & Style,9
2018-04-15,Music,28
2018-04-15,News & Politics,21
2018-04-15,People & Blogs,29
2018-04-15,Pets & Animals,4
2018-04-15,Science & Technology,4
2018-04-15,Sports,16
2018-04-15,Travel & Events,2
